order_id,customer_id,order_date,status
1,1,2024-02-01,completed
2,2,2024-02-03,completed
3,1,2024-02-20,completed
4,3,2024-03-05,completed
5,4,2024-03-10,cancelled
6,5,2024-03-15,completed
7,6,2024-03-22,completed
8,2,2024-04-01,completed
9,7,2024-04-10,processing
10,8,2024-04-15,completed
11,3,2024-04-28,completed
12,9,2024-05-08,completed
13,10,2024-05-12,completed
14,1,2024-05-20,completed
15,5,2024-05-30,cancelled
16,6,2024-06-04,completed
17,9,2024-06-11,processing
18,4,2024-06-18,completed
19,7,2024-06-25,completed
20,10,2024-07-02,completed
